{"stat.leaveGame":2,"stat.mineBlock.minecraft.cobblestone":7,"stat.mineBlock.ebwizardry.crystal_flower":2,"stat.pickup.minecraft.stone_pickaxe":1,"stat.swimOneCm":6386,"stat.climbOneCm":15027,"stat.useItem.minecraft.planks":9,"stat.craftItem.minecraft.shield":1,"stat.useItem.enhancedfarming.mango":12,"stat.mineBlock.minecraft.birch_fence_gate":2,"stat.mineBlock.gravestone.gravestone":1,"stat.pickup.wings.fairy_dust":12,"stat.useItem.chococraft.gysahl_green":1,"stat.useItem.minecraft.dirt":1,"stat.useItem.minecraft.stone_slab2":7,"stat.pickup.minecraft.rotten_flesh":1,"stat.craftItem.minecraft.furnace":1,"stat.useItem.minecraft.egg":7,"stat.craftItem.minecraft.stone_axe":1,"stat.craftItem.minecraft.iron_boots":1,"stat.craftItem.minecraft.stone_pickaxe":1,"stat.pickup.minecraft.cobblestone":27,"stat.pickup.enhancedfarming.mango":17,"stat.flyOneCm":144479,"stat.mineBlock.minecraft.iron_ore":81,"stat.timeSinceDeath":56269,"stat.useItem.minecraft.iron_pickaxe":215,"stat.craftItem.minecraft.wooden_pickaxe":1,"stat.pickup.minecraft.mutton":10,"stat.pickup.enhancedfarming.lemon":6,"stat.pickup.minecraft.double_plant":2,"stat.mineBlock.biomesoplenty.dirt":2,"stat.mineBlock.thermalfoundation.ore":1,"stat.furnaceInteraction":8,"stat.pickup.minecraft.carpet":2,"stat.mineBlock.minecraft.coal_ore":5,"stat.craftItem.minecraft.stone_slab2":0,"stat.pickup.biomesoplenty.flower_1":1,"stat.sprintOneCm":166564,"stat.craftItem.minecraft.stick":16,"stat.mineBlock.biomesoplenty.grass":1,"stat.useItem.chococraft.gysahl_green_seeds":3,"stat.mineBlock.minecraft.crafting_table":1,"stat.pickup.lucraftcore.ore_copper":2,"stat.pickup.chococraft.gysahl_green_seeds":77,"stat.deaths":1,"stat.mineBlock.minecraft.planks":9,"stat.pickup.minecraft.egg":12,"stat.playOneMinute":80819,"stat.killEntity.Sheep":3,"stat.craftItem.minecraft.iron_pickaxe":2,"stat.killEntity.Zombie":1,"stat.pickup.opencomputers.tool":1,"stat.pickup.enhancedfarming.cherry":18,"stat.mineBlock.minecraft.tallgrass":2,"stat.craftItem.minecraft.cooked_mutton":5,"stat.diveOneCm":7410,"stat.chestOpened":24,"stat.craftItem.minecraft.carpet":3,"stat.pickup.minecraft.stone_axe":1,"stat.useItem.minecraft.apple":10,"stat.useItem.minecraft.carpet":3,"stat.jump":772,"stat.pickup.minecraft.coal":5,"stat.fallOneCm":20126,"stat.useItem.minecraft.stone_axe":17,"stat.crouchOneCm":2020,"stat.craftItem.minecraft.torch":20,"stat.craftItem.minecraft.iron_ingot":35,"stat.pickup.minecraft.dirt":4,"stat.craftItem.minecraft.iron_helmet":1,"stat.craftingTableInteraction":10,"stat.pickup.minecraft.iron_ore":89,"stat.pickup.minecraft.wooden_pickaxe":1,"stat.damageTaken":713,"stat.useItem.minecraft.wooden_pickaxe":6,"stat.pickup.theoneprobe.probenote":1,"stat.pickup.ebwizardry.crystal_flower":2,"stat.pickup.enhancedfarming.orange":72,"stat.pickup.minecraft.planks":10,"stat.pickup.minecraft.wheat_seeds":2,"stat.useItem.minecraft.birch_fence":1,"stat.entityKilledBy.Zombie":1,"stat.useItem.minecraft.stone_pickaxe":60,"stat.pickup.chococraft.chocobo_saddle":1,"stat.craftItem.minecraft.iron_leggings":1,"stat.damageDealt":462,"stat.sleepInBed":2,"stat.pickup.chococraft.ability_fruit":3,"stat.pickup.chococraft.gysahl_green":38,"stat.mineBlock.minecraft.dirt":4,"stat.craftItem.minecraft.iron_sword":1,"stat.walkOneCm":222171,"stat.useItem.minecraft.torch":9,"stat.mineBlock.minecraft.birch_fence":2,"stat.pickup.minecraft.stick":1,"stat.pickup.minecraft.birch_fence_gate":2,"stat.useItem.enhancedfarming.orange":1,"stat.pickup.minecraft.crafting_table":2,"stat.useItem.minecraft.cobblestone":1,"stat.craftItem.minecraft.crafting_table":1,"stat.mineBlock.minecraft.double_plant":1,"stat.pickup.minecraft.log":73,"stat.mineBlock.lucraftcore.ore_copper":1,"stat.useItem.minecraft.birch_fence_gate":1,"stat.pickup.enhancedfarming.avocado":13,"stat.pickup.minecraft.stone":183,"stat.craftItem.minecraft.iron_chestplate":1,"stat.pickup.minecraft.sapling":18,"stat.pickup.minecraft.apple":22,"stat.craftItem.minecraft.planks":56,"stat.useItem.minecraft.iron_sword":5,"stat.pickup.biomesoplenty.berries":4,"stat.mobKills":4,"stat.mineBlock.minecraft.log":38,"stat.pickup.minecraft.birch_fence":2,"stat.mineBlock.minecraft.leaves":5,"stat.mineBlock.wings.fairy_dust_ore":8,"stat.pickup.biomesoplenty.dirt":2,"stat.pickup.minecraft.torch":2,"stat.pickup.minecraft.red_flower":1,"stat.sneakTime":1146,"stat.pickup.minecraft.wool":7,"stat.mineBlock.minecraft.stone":173}