{"stat.leaveGame":6,"stat.mineBlock.thaumcraft.ore_quartz":2,"stat.craftItem.minecraft.iron_axe":1,"stat.pickup.gravestone.death_info":1,"stat.craftItem.minecraft.shield":1,"stat.mineBlock.minecraft.web":13,"stat.mineBlock.gravestone.gravestone":2,"stat.pickup.minecraft.rotten_flesh":6,"stat.craftItem.minecraft.stone_axe":1,"stat.killEntity.Enderman":2,"stat.pickup.enhancedfarming.mango":4,"stat.useItem.minecraft.iron_pickaxe":293,"stat.craftItem.minecraft.wooden_pickaxe":1,"stat.pickup.enhancedfarming.lemon":16,"stat.craftItem.minecraft.bed":1,"stat.drop.gravestone.death_info":1,"stat.mineBlock.minecraft.vine":6,"stat.pickup.thermalfoundation.material":18,"stat.furnaceInteraction":37,"stat.craftItem.thermalfoundation.material":18,"stat.pickup.minecraft.beef":10,"stat.pickup.minecraft.furnace":1,"stat.pickup.biomesoplenty.flower_1":120,"stat.pickup.minecraft.iron_chestplate":1,"stat.killEntity.Horse":1,"stat.pickup.thaumcraft.crystal_essence":40,"stat.pickup.thaumcraft.nugget":1,"stat.pickup.lucraftcore.ore_copper":6,"stat.drop.chococraft.ability_fruit":4,"stat.deaths":2,"stat.pickup.minecraft.egg":9,"stat.playOneMinute":117262,"stat.killEntity.cqr_skeleton":1,"stat.craftItem.minecraft.iron_pickaxe":2,"stat.useItem.minecraft.shears":1,"stat.mineBlock.minecraft.tallgrass":4,"stat.chestOpened":87,"stat.pickup.minecraft.pumpkin":8,"stat.pickup.minecraft.iron_sword":2,"stat.pickup.minecraft.arrow":1,"stat.craftItem.biomesoplenty.planks_0":76,"stat.craftItem.minecraft.iron_nugget":9,"stat.fallOneCm":43926,"stat.pickup.minecraft.carrot":24,"stat.crouchOneCm":1997,"stat.mineBlock.minecraft.chest":3,"stat.craftItem.minecraft.iron_ingot":41,"stat.craftItem.minecraft.chest":6,"stat.craftingTableInteraction":24,"stat.useItem.cyclicmagic.inventory_food":1,"stat.pickup.minecraft.feather":12,"stat.pickup.minecraft.record_cat":1,"stat.useItem.minecraft.furnace":5,"stat.mineBlock.biomesoplenty.plant_0":2,"stat.pickup.theoneprobe.probenote":2,"stat.pickup.minecraft.planks":83,"stat.pickup.minecraft.iron_leggings":1,"stat.pickup.chisel.limestone2":60,"stat.pickup.minecraft.wheat_seeds":2,"stat.mineBlock.minecraft.gravel":1,"stat.useItem.minecraft.stone_pickaxe":282,"stat.craftItem.minecraft.iron_leggings":1,"stat.useItem.minecraft.wool":3,"stat.mineBlock.minecraft.dirt":5,"stat.useItem.minecraft.bread":16,"stat.useItem.minecraft.torch":33,"stat.pickup.minecraft.golden_apple":1,"stat.useItem.enhancedfarming.orange":1,"stat.pickup.minecraft.crafting_table":2,"stat.useItem.minecraft.cobblestone":17,"stat.craftItem.minecraft.crafting_table":2,"stat.pickup.minecraft.log":147,"stat.pickup.minecraft.iron_pickaxe":1,"stat.mineBlock.thaumcraft.crystal_terra":10,"stat.pickup.enhancedfarming.avocado":14,"stat.pickup.minecraft.chicken":9,"stat.pickup.minecraft.sapling":70,"stat.entityKilledBy.Enderman":1,"stat.pickup.minecraft.apple":70,"stat.craftItem.minecraft.planks":132,"stat.useItem.minecraft.iron_sword":87,"stat.mineBlock.minecraft.log":141,"stat.sneakTime":598,"stat.pickup.thaumcraft.amber":25,"stat.pickup.minecraft.wool":20,"stat.pickup.cyclicmagic.charm_void":1,"stat.pickup.minecraft.chest":3,"stat.pickup.minecraft.bone":4,"stat.useItem.minecraft.iron_axe":66,"stat.mineBlock.minecraft.pumpkin":4,"stat.pickup.minecraft.stone_pickaxe":4,"stat.pickup.minecraft.flint":1,"stat.swimOneCm":8472,"stat.climbOneCm":14220,"stat.pickup.minecraft.enchanted_book":1,"stat.mineBlock.thaumcraft.ore_amber":6,"stat.useItem.minecraft.dirt":1,"stat.pickup.wings.fairy_dust":50,"stat.useItem.minecraft.stone_slab2":25,"stat.pickup.minecraft.iron_boots":1,"stat.craftItem.minecraft.furnace":7,"stat.pickup.thermalfoundation.ore":53,"stat.useItem.minecraft.egg":6,"stat.craftItem.minecraft.iron_boots":1,"stat.pickup.enhancedfarming.pear":3,"stat.craftItem.minecraft.stone_pickaxe":4,"stat.pickup.minecraft.shears":2,"stat.pickup.minecraft.cobblestone":355,"stat.mineBlock.chisel.limestone2":60,"stat.flyOneCm":312893,"stat.mineBlock.minecraft.iron_ore":54,"stat.timeSinceDeath":34955,"stat.mineBlock.biomesoplenty.log_3":5,"stat.mineBlock.biomesoplenty.log_2":27,"stat.useItem.minecraft.potato":2,"stat.mineBlock.thermalfoundation.ore":53,"stat.pickup.ebwizardry.magic_crystal":11,"stat.mineBlock.minecraft.coal_ore":150,"stat.pickup.minecraft.string":29,"stat.craftItem.minecraft.stone_slab2":0,"stat.sprintOneCm":280068,"stat.mineBlock.biomesoplenty.flower_1":73,"stat.craftItem.minecraft.stick":36,"stat.mineBlock.biomesoplenty.grass":1,"stat.killEntity.ebwizardry:evil_wizard":3,"stat.craftItem.chococraft.chocobo_saddle":2,"stat.mineBlock.minecraft.crafting_table":3,"stat.pickup.chococraft.gysahl_green_seeds":76,"stat.drop.chococraft.chocobo_saddle":1,"stat.drop":6,"stat.pickup.cyclicmagic.tool_warp_spawn":2,"stat.killEntity.Zombie":1,"stat.pickup.opencomputers.tool":2,"stat.diveOneCm":11299,"stat.pickup.biomesoplenty.peach":1,"stat.pickup.minecraft.stone_axe":1,"stat.useItem.minecraft.apple":14,"stat.craftItem.lucraftcore.ingot_copper":2,"stat.jump":1765,"stat.pickup.minecraft.coal":205,"stat.pickup.minecraft.iron_helmet":1,"stat.pickup.minecraft.iron_ingot":14,"stat.useItem.minecraft.stone_axe":130,"stat.entityKilledBy.CaveSpider":1,"stat.pickup.minecraft.spider_eye":1,"stat.craftItem.minecraft.torch":64,"stat.pickup.minecraft.dirt":6,"stat.craftItem.minecraft.iron_helmet":1,"stat.pickup.minecraft.iron_ore":54,"stat.pickup.minecraft.iron_axe":2,"stat.damageTaken":1447,"stat.pickup.minecraft.leather":14,"stat.mineBlock.minecraft.furnace":1,"stat.useItem.minecraft.wooden_pickaxe":59,"stat.pickup.enhancedfarming.orange":29,"stat.killEntity.CaveSpider":4,"stat.pickup.minecraft.bed":2,"stat.pickup.minecraft.potato":5,"stat.pickup.lucraftcore.ore_tin":12,"stat.damageDealt":4163,"stat.sleepInBed":4,"stat.pickup.chococraft.ability_fruit":3,"stat.pickup.chococraft.gysahl_green":27,"stat.killEntity.Cow":3,"stat.craftItem.minecraft.iron_sword":2,"stat.walkOneCm":280519,"stat.useItem.minecraft.chest":6,"stat.pickup.minecraft.stick":6,"stat.mineBlock.lucraftcore.ore_copper":6,"stat.pickup.minecraft.stone":35,"stat.craftItem.minecraft.iron_chestplate":1,"stat.mineBlock.minecraft.wool":3,"stat.pickup.minecraft.ender_pearl":1,"stat.mineBlock.lucraftcore.ore_tin":12,"stat.killEntity.Skeleton":1,"stat.pickup.biomesoplenty.log_3":5,"stat.pickup.biomesoplenty.log_2":53,"stat.killEntity.Chicken":6,"stat.useItem.biomesoplenty.planks_0":4,"stat.pickup.minecraft.bread":20,"stat.mobKills":22,"stat.pickup.minecraft.quartz":4,"stat.craftItem.minecraft.shears":1,"stat.mineBlock.minecraft.leaves":4,"stat.mineBlock.wings.fairy_dust_ore":28,"stat.pickup.minecraft.torch":88,"stat.mineBlock.cqrepoured.force_field_nexus":1,"stat.mineBlock.minecraft.stone":212}