{"stat.useItem.minecraft.bow":3,"stat.leaveGame":7,"stat.mineBlock.ebwizardry.crystal_flower":7,"stat.mineBlock.thaumcraft.ore_quartz":1,"stat.craftItem.minecraft.iron_axe":1,"stat.mineBlock.minecraft.sandstone":3,"stat.craftItem.minecraft.shield":1,"stat.pickup.minecraft.sand":17,"stat.pickup.minecraft.name_tag":1,"stat.pickup.biomesoplenty.mushroom":2,"stat.mineBlock.minecraft.sand":17,"stat.mineBlock.biomesoplenty.dirt":1,"stat.trappedChestTriggered":3,"stat.mineBlock.chisel.marble2":2,"stat.furnaceInteraction":28,"stat.killEntity.ZombieVillager":2,"stat.pickup.minecraft.hay_block":4,"stat.pickup.biomesoplenty.flower_0":2,"stat.craftItem.ebwizardry.magic_wand":1,"stat.pickup.thaumcraft.crystal_essence":130,"stat.pickup.lucraftcore.ore_copper":2,"stat.pickup.minecraft.egg":2,"stat.playOneMinute":124851,"stat.pickup.minecraft.iron_bars":6,"stat.pickup.chisel.marble2":1,"stat.mineBlock.minecraft.tallgrass":6,"stat.chestOpened":66,"stat.pickup.cyclicmagic.charm_fire":1,"stat.useItem.minecraft.stone":17,"stat.mineBlock.minecraft.netherrack":8,"stat.pickup.minecraft.arrow":4,"stat.craftItem.biomesoplenty.planks_0":56,"stat.mineBlock.minecraft.gold_block":1,"stat.fallOneCm":32392,"stat.pickup.nuclearcraft.ore":6,"stat.crouchOneCm":3763,"stat.craftItem.minecraft.iron_ingot":56,"stat.craftItem.minecraft.chest":3,"stat.craftingTableInteraction":3,"stat.mineBlock.nuclearcraft.ore":7,"stat.pickup.minecraft.feather":3,"stat.useItem.minecraft.furnace":1,"stat.pickup.minecraft.wheat_seeds":2,"stat.mineBlock.biomesoplenty.gem_ore":1,"stat.mineBlock.minecraft.gravel":38,"stat.craftItem.minecraft.iron_leggings":1,"stat.useItem.minecraft.bread":10,"stat.useItem.minecraft.torch":79,"stat.mineBlock.biomesoplenty.leaves_1":1,"stat.pickup.minecraft.crafting_table":1,"stat.useItem.minecraft.cobblestone":1,"stat.craftItem.minecraft.crafting_table":1,"stat.useItem.minecraft.gravel":14,"stat.mineBlock.minecraft.double_plant":1,"stat.mineBlock.slimenium.slime_ore":12,"stat.mineBlock.thaumcraft.crystal_aer":22,"stat.mineBlock.ebwizardry.crystal_ore":6,"stat.pickup.minecraft.log":10,"stat.mineBlock.thaumcraft.crystal_terra":8,"stat.craftItem.minecraft.gold_ingot":12,"stat.pickup.minecraft.web":16,"stat.drop.minecraft.sapling":3,"stat.pickup.minecraft.chicken":12,"stat.pickup.minecraft.sapling":13,"stat.craftItem.minecraft.planks":40,"stat.useItem.minecraft.iron_sword":98,"stat.mineBlock.thaumcraft.crystal_ordo":3,"stat.mineBlock.minecraft.log":10,"stat.craftItem.minecraft.cooked_chicken":4,"stat.pickup.biomesoplenty.dirt":4,"stat.pickup.minecraft.red_flower":1,"stat.sneakTime":1342,"stat.pickup.thaumcraft.amber":5,"stat.mineBlock.thaumcraft.crystal_perditio":4,"stat.mineBlock.thaumcraft.ore_cinnabar":2,"stat.pickup.minecraft.bone":4,"stat.useItem.cyclicmagic.emerald_sword":51,"stat.useItem.minecraft.iron_axe":14,"stat.pickup.minecraft.flint":3,"stat.swimOneCm":5459,"stat.mineBlock.thaumcraft.ore_amber":4,"stat.pickup.wings.fairy_dust":7,"stat.useItem.chococraft.gysahl_green":2,"stat.useItem.minecraft.stone_slab2":21,"stat.pickup.minecraft.bow":1,"stat.craftItem.minecraft.furnace":4,"stat.pickup.thermalfoundation.ore":17,"stat.killEntity.artifacts.mimic":1,"stat.useItem.minecraft.egg":1,"stat.craftItem.minecraft.iron_boots":1,"stat.mineBlock.minecraft.obsidian":1,"stat.pickup.minecraft.cobblestone":356,"stat.pickup.minecraft.gold_block":1,"stat.mineBlock.chisel.limestone2":3,"stat.flyOneCm":160473,"stat.pickup.minecraft.sandstone":1,"stat.useItem.minecraft.cooked_beef":5,"stat.pickup.minecraft.redstone":17,"stat.mineBlock.minecraft.iron_ore":106,"stat.timeSinceDeath":124851,"stat.craftItem.ebwizardry.magic_crystal":10,"stat.mineBlock.thermalfoundation.ore":14,"stat.pickup.minecraft.stonebrick":1,"stat.mineBlock.minecraft.coal_ore":143,"stat.pickup.minecraft.string":3,"stat.craftItem.minecraft.stone_slab2":0,"stat.useItem.minecraft.written_book":1,"stat.sprintOneCm":236578,"stat.mineBlock.biomesoplenty.flower_0":2,"stat.mineBlock.biomesoplenty.log_0":14,"stat.mineBlock.biomesoplenty.grass":5,"stat.craftItem.minecraft.stick":28,"stat.useItem.cyclicmagic.crafting_food":1,"stat.useItem.minecraft.bed":1,"stat.craftItem.minecraft.gold_nugget":9,"stat.mineBlock.minecraft.diamond_ore":1,"stat.mineBlock.biomesoplenty.mushroom":2,"stat.mineBlock.minecraft.crafting_table":1,"stat.pickup.chococraft.gysahl_green_seeds":8,"stat.drop":2,"stat.mineBlock.thaumcraft.crystal_aqua":4,"stat.pickup.minecraft.slime_ball":25,"stat.killEntity.Zombie":5,"stat.mineBlock.minecraft.gold_ore":3,"stat.diveOneCm":3049,"stat.useItem.cyclicmagic.emerald_pickaxe":878,"stat.pickup.thaumcraft.curio":1,"stat.pickup.minecraft.gravel":35,"stat.useItem.minecraft.apple":2,"stat.pickup.minecraft.obsidian":1,"stat.jump":1322,"stat.pickup.minecraft.coal":139,"stat.craftItem.minecraft.torch":96,"stat.craftItem.minecraft.iron_helmet":1,"stat.mineBlock.wings.amethyst_ore":1,"stat.useItem.minecraft.cooked_chicken":4,"stat.pickup.minecraft.iron_ore":107,"stat.mineBlock.minecraft.iron_bars":2,"stat.pickup.minecraft.gold_ore":3,"stat.damageTaken":1146,"stat.mineBlock.minecraft.torch":9,"stat.mineBlock.minecraft.red_flower":1,"stat.dispenserInspected":1,"stat.pickup.ebwizardry.crystal_flower":7,"stat.pickup.minecraft.reeds":10,"stat.killEntity.CaveSpider":4,"stat.pickup.minecraft.bed":3,"stat.pickup.lucraftcore.ore_tin":3,"stat.damageDealt":6521,"stat.sleepInBed":1,"stat.pickup.chococraft.gysahl_green":6,"stat.craftItem.minecraft.iron_sword":1,"stat.walkOneCm":292731,"stat.useItem.minecraft.chest":1,"stat.pickup.minecraft.stick":6,"stat.useItem.cyclicmagic.heart_food":2,"stat.mineBlock.lucraftcore.ore_copper":2,"stat.pickup.minecraft.stone":78,"stat.craftItem.minecraft.iron_chestplate":1,"stat.mineBlock.lucraftcore.ore_tin":3,"stat.mineBlock.thaumcraft.crystal_ignis":6,"stat.mineBlock.thermalfoundation.ore_fluid":1,"stat.killEntity.Skeleton":5,"stat.pickup.thaumcraft.ore_cinnabar":2,"stat.pickup.biomesoplenty.gem":1,"stat.pickup.biomesoplenty.log_0":14,"stat.mineBlock.minecraft.stonebrick":1,"stat.killEntity.Chicken":4,"stat.killEntity.Spider":15,"stat.pickup.minecraft.bread":20,"stat.mobKills":38,"stat.useItem.thaumcraft.curio":1,"stat.pickup.minecraft.diamond_boots":1,"stat.pickup.minecraft.quartz":2,"stat.pickup.minecraft.diamond":1,"stat.mineBlock.wings.fairy_dust_ore":9,"stat.pickup.minecraft.torch":10,"stat.mineBlock.minecraft.redstone_ore":4,"stat.pickup.wings.amethyst":1,"stat.mineBlock.minecraft.hay_block":4,"stat.mineBlock.minecraft.stone":445}