{"stat.leaveGame":3,"stat.jump":70,"stat.pickup.minecraft.coal":78,"stat.useItem.enhancedfarming.mango":1,"stat.crouchOneCm":1143,"stat.craftItem.minecraft.torch":24,"stat.craftItem.minecraft.iron_ingot":10,"stat.pickup.wings.fairy_dust":6,"stat.useItem.minecraft.stone_slab2":4,"stat.craftingTableInteraction":4,"stat.pickup.minecraft.iron_ore":10,"stat.craftItem.minecraft.furnace":1,"stat.pickup.thermalfoundation.ore":2,"stat.craftItem.minecraft.stone_pickaxe":1,"stat.useItem.minecraft.wooden_pickaxe":31,"stat.pickup.minecraft.cobblestone":28,"stat.pickup.enhancedfarming.mango":1,"stat.flyOneCm":621,"stat.pickup.minecraft.wheat_seeds":1,"stat.useItem.minecraft.stone_pickaxe":103,"stat.mineBlock.minecraft.iron_ore":10,"stat.timeSinceDeath":0,"stat.craftItem.minecraft.wooden_pickaxe":1,"stat.walkOneCm":56585,"stat.useItem.minecraft.torch":6,"stat.pickup.minecraft.crafting_table":1,"stat.mineBlock.thermalfoundation.ore":2,"stat.craftItem.minecraft.crafting_table":1,"stat.furnaceInteraction":6,"stat.mineBlock.minecraft.coal_ore":78,"stat.pickup.minecraft.log":27,"stat.mineBlock.lucraftcore.ore_copper":6,"stat.mineBlock.thaumcraft.crystal_terra":4,"stat.craftItem.minecraft.stone_slab2":0,"stat.pickup.minecraft.sapling":6,"stat.sprintOneCm":11649,"stat.pickup.minecraft.apple":37,"stat.craftItem.minecraft.stick":12,"stat.craftItem.minecraft.planks":16,"stat.pickup.thaumcraft.crystal_essence":22,"stat.mineBlock.minecraft.crafting_table":1,"stat.pickup.lucraftcore.ore_copper":6,"stat.mineBlock.minecraft.log":27,"stat.deaths":1,"stat.pickup.minecraft.egg":1,"stat.mineBlock.wings.fairy_dust_ore":6,"stat.playOneMinute":17915,"stat.sneakTime":643,"stat.craftItem.minecraft.iron_pickaxe":1,"stat.mineBlock.minecraft.stone":28,"stat.mineBlock.minecraft.tallgrass":2}